<data>
    <citizen>
        <name>Jake Sim</name>
        <age>20</age>
    </citizen>

    <citizen>
        <name>Ethan Lee</name>
        <age>21</age>
    </citizen>

    <citizen>
        <name>Sunoo Kim</name>
        <age>17</age>
    </citizen>

    <citizen>
        <name>Jungwon Yang</name>
        <age>18</age>
    </citizen>

    <citizen>
        <name>Riki Nishimura</name>
        <age>16</age>
    </citizen>

    <citizen>
        <name>Jumbo Hotdog</name>
        <age>35</age>
    </citizen>

    <citizen>
        <name>Sunghoon Park</name>
        <age>21</age>
    </citizen>

    <citizen>
        <name>Jay Park</name>
        <age>21</age>
    </citizen>

</data>